id,claim_id,oracle,artifact,location,evidence_class,result,tool,command,input_sha256,output_sha256,observed_utc,notes
ev-source-hdi,,target-identity,,Japanese zun.hdi -> FAT artifacts,target,pass,scripts/import_targets.py,python3 scripts/import_targets.py LEGAL_ARCHIVE --include-all-games-smoke,0d5ea773a9e4f3e28f473b6deeedb6a7cdaccbb5b940a97983c4e3597dd4ebfd,0d5ea773a9e4f3e28f473b6deeedb6a7cdaccbb5b940a97983c4e3597dd4ebfd,2026-09-06T00:00:00Z,Local legal-source provenance only; the outer archive is private receipt data and independent pristine canonicality remains open
ev-th04-op-target,,target-identity,th04-op,whole artifact,target,pass,scripts/verify_targets.py,python3 scripts/verify_targets.py --game th04,8fc3b67fa8470de15b4f2844d5623d0a93d7922fac16d82a25a90a378b516b0f,8fc3b67fa8470de15b4f2844d5623d0a93d7922fac16d82a25a90a378b516b0f,2026-09-06T00:00:00Z,Size digest format and MZ integrity passed
ev-th04-main-target,,target-identity,th04-main,whole artifact,target,pass,scripts/verify_targets.py,python3 scripts/verify_targets.py --game th04,077440a3c4e9ab52e72e9bae411276c47edc11995b5c2b83dfc83fbc039dc58b,077440a3c4e9ab52e72e9bae411276c47edc11995b5c2b83dfc83fbc039dc58b,2026-09-06T00:00:00Z,Size digest format and MZ integrity passed
ev-th04-maine-target,,target-identity,th04-maine,whole artifact,target,pass,scripts/verify_targets.py,python3 scripts/verify_targets.py --game th04,670de6ba907a2edbc1592de810acd92e5b89541d3dc35b70210171166d1713f8,670de6ba907a2edbc1592de810acd92e5b89541d3dc35b70210171166d1713f8,2026-09-06T00:00:00Z,Size digest format and MZ integrity passed
ev-th04-zun-target,,target-identity,th04-zun,whole artifact,target,pass,scripts/verify_targets.py,python3 scripts/verify_targets.py --game th04,0a12e9a489d3b704a77cf04ca3062ee48f298a9df6d237dc7dad46986e2d116e,0a12e9a489d3b704a77cf04ca3062ee48f298a9df6d237dc7dad46986e2d116e,2026-09-06T00:00:00Z,Size digest format and MZ integrity passed; COM extension does not imply flat COM
ev-oracle-smoke-corpus,,oracle-self-test,th01-op-smoke,private TH01-TH05 MZ and COM fixtures,control-plane,pass,scripts/smoke_oracles.py,python3 scripts/smoke_oracles.py,6e8b8a55ccfc12a8017af15e401850103c63af2606785bf3aafec4be55baed89,,2026-09-06T00:00:00Z,All original artifact self-equality controls and per-game fault injection passed; reconstructed-output calibration is recorded separately
ev-th04-th05-shared-main,,cross-game-shared-blocks,th04-main,TH04 MAIN load module versus TH05 MAIN load module,cross-game,pass,scripts/mine_shared_blocks.py,python3 scripts/mine_shared_blocks.py th04-main th05-main-smoke --min-length 64 --limit 5 --output .analysis/mining/th04-main__th05-main.json,077440a3c4e9ab52e72e9bae411276c47edc11995b5c2b83dfc83fbc039dc58b,bee843ebfc81a7a11997a3f7c7dd9a5010f8082e1edab6e03ebf0309f3e9c055,2026-09-06T00:00:00Z,Five longest reported normalized blocks are also raw-identical and range from 1024 to 1572 bytes; candidate navigation only
ev-toolchain-surfaces,,toolchain-identity,,16 configured acquisition installation configuration and runner surfaces,compiler,pass,scripts/attest_toolchain.py,python3 scripts/attest_toolchain.py,a3dc7f3111b52469d58ea518534ea569412f6f149b96ee34766b350742188a10,51b95309b87c8a98c25c61d4d9c03b3840ab1da22ddbe4f97210f387e0eabe90,2026-09-06T10:41:55Z,All surfaces and exact banners passed; output is the deterministic linked probe EXE and this establishes only the local candidate identity
ev-toolchain-omf-probes,,object-format-integrity,,Two C and assembler probe rounds,compiler,pass,scripts/attest_toolchain.py,python3 scripts/attest_toolchain.py,1acc0e97af2d14d2b357ac586315d38c11baa482464cff305bc81fb0e2e6749a,51b95309b87c8a98c25c61d4d9c03b3840ab1da22ddbe4f97210f387e0eabe90,2026-09-06T10:41:55Z,Both OMF streams pass framing checksum and boundaries; embedded producers and the compiler dos.h dependency match and the linked MZ executes
ev-toolchain-clean-bootstrap,,toolchain-replay,,Empty local clone and empty private toolchain directory,compiler,pass,scripts/bootstrap_toolchain.sh,bash scripts/bootstrap_toolchain.sh,a3dc7f3111b52469d58ea518534ea569412f6f149b96ee34766b350742188a10,51b95309b87c8a98c25c61d4d9c03b3840ab1da22ddbe4f97210f387e0eabe90,2026-09-06T10:58:45Z,A fresh clone independently downloaded unpacked configured and attested all 16 surfaces; global calibration evidence cannot satisfy an artifact-scoped exact replay
ev-rec98-th01-omf,,object-format-integrity,,ReC98 cold-004 generated OMF corpus,compiler,pass,scripts/compare_rec98_th01.py,python3 scripts/compare_rec98_th01.py .analysis/builds/rec98-b6ba5b0a52/cold-004/source --gate calibration,9f7a4eb17f24ae2d99adaba4320f6c46f4fc8d659f9b784f6d8e5f3af99bf705,0ae28223b44f4bf295eaaafd713a99bf2c1e538515f3e5e49e6052a0c0159188,2026-09-06T10:55:59Z,All 416 objects are valid; the output hash is the 65-object TH01 set after normalizing only Borland E9 dependency timestamps and agrees across two builds
ev-rec98-th01-cold-repeat,,cold-build-determinism,,cold-003 and cold-004 four-file TH01 output vectors,reproducibility,pass,scripts/cold_build_rec98.py,python3 scripts/cold_build_rec98.py --run-id UNIQUE,9f7a4eb17f24ae2d99adaba4320f6c46f4fc8d659f9b784f6d8e5f3af99bf705,bfe3170671c5e43d96b5b2e5d6d9eeaa10b8ffe0d8fb6248911c6c90558865da,2026-09-06T10:55:59Z,Two isolated scripted source materializations produced the same four candidate outputs; this is reproducibility evidence and not target exactness
ev-rec98-th01-strict-raw,,raw-bytes,,Four ReC98 TH01 candidates versus four pinned original artifacts,binary,fail,scripts/compare_rec98_th01.py,python3 scripts/compare_rec98_th01.py .analysis/builds/rec98-b6ba5b0a52/cold-004/source,9f7a4eb17f24ae2d99adaba4320f6c46f4fc8d659f9b784f6d8e5f3af99bf705,bfe3170671c5e43d96b5b2e5d6d9eeaa10b8ffe0d8fb6248911c6c90558865da,2026-09-06T10:55:59Z,Strict vector is three rejected MZ artifacts and one exact COM; no aggregate or upstream claim can override the failures
ev-rec98-policy-differential,,upstream-policy-differential,,ReC98 Rule 1 dimensions versus local whole-file policy,control-plane,pass,scripts/compare_rec98_th01.py,python3 scripts/compare_rec98_th01.py .analysis/builds/rec98-b6ba5b0a52/cold-004/source --gate calibration,759be8d7be6f6ec318e5b443a22342a81d771893141d0207db3b0948c44e0bb9,bfe3170671c5e43d96b5b2e5d6d9eeaa10b8ffe0d8fb6248911c6c90558865da,2026-09-06T10:55:59Z,Program images pass all three MZ cases while local header and ordered relocation requirements reject them; diagnostic only
ev-turboc-cfg-negative,,toolchain-replay,,private cold-001 failed build log,compiler,fail,scripts/cold_build_rec98.py,wine cmd /d /c build.bat,,cdddf30d80fe4c7ff9caa48229a856a118ef0f68a466d82a2dc371401868c0ec,2026-09-06T10:00:00Z,Using the plausible TCC.CFG filename did not expose standard headers; TURBOC.CFG is required for this installation
