id,artifact,address,file_offset,size,boundary_state,state,name,owner_unit,source,evidence_ids,notes
th04-main-fn-1aaf2,th04-main,0x1AAF2,0xC2F2,0x1A,reviewed,exact,slowdown_frame_delay(),th04-main-slowdown-frame-delay,src/main/slowdown.cpp,ev-th04-main-function-screen-strict-v2,"Target Ghidra body is contiguous (26 bytes), starts at the same local TLINK public, and lies wholly inside exact authored owner th04-main-slowdown-frame-delay."
th04-main-fn-1b3ee,th04-main,0x1B3EE,0xCBEE,0x4B,reviewed,exact,demo_load(),th04-main-module-th04-demo-cpp-b3ee,src/main/demo.cpp,ev-th04-main-function-screen-strict-v2,"Target Ghidra body is contiguous (75 bytes), starts at the same local TLINK public, and lies wholly inside exact authored owner th04-main-module-th04-demo-cpp-b3ee."
th04-main-fn-1b439,th04-main,0x1B439,0xCC39,0x4F,reviewed,exact,demoplay(),th04-main-module-th04-demo-cpp-b3ee,src/main/demo.cpp,ev-th04-main-function-screen-strict-v2,"Target Ghidra body is contiguous (79 bytes), starts at the same local TLINK public, and lies wholly inside exact authored owner th04-main-module-th04-demo-cpp-b3ee."
th04-main-fn-1b488,th04-main,0x1B488,0xCC88,0xA8,reviewed,exact,ems_allocate_and_preload_eyecatc(),th04-main-module-th04-ems-cpp-b488,src/main/ems.cpp,ev-th04-main-function-screen-strict-v2,"Target Ghidra body is contiguous (168 bytes), starts at the same local TLINK public, and lies wholly inside exact authored owner th04-main-module-th04-ems-cpp-b488."
th04-main-fn-1b530,th04-main,0x1B530,0xCD30,0xE6,reviewed,exact,bomb_bg_load__ems_preload_playch(),th04-main-module-th04-ems-cpp-b488,src/main/ems.cpp,ev-th04-main-function-screen-strict-v2,"Target Ghidra body is contiguous (230 bytes), starts at the same local TLINK public, and lies wholly inside exact authored owner th04-main-module-th04-ems-cpp-b488."
th04-main-fn-1b616,th04-main,0x1B616,0xCE16,0x6C,reviewed,exact,eyecatch_animate(),th04-main-module-th04-ems-cpp-b488,src/main/ems.cpp,ev-th04-main-function-screen-strict-v2,"Target Ghidra body is contiguous (108 bytes), starts at the same local TLINK public, and lies wholly inside exact authored owner th04-main-module-th04-ems-cpp-b488."
th04-main-fn-1b682,th04-main,0x1B682,0xCE82,0x4F,reviewed,exact,"tile_ring_set_vo(int,int,int)",th04-main-tile-ring-set-vo,src/main/tile/set.cpp,ev-th04-main-function-screen-strict-v2,"Target Ghidra body is contiguous (79 bytes), starts at the same local TLINK public, and lies wholly inside exact authored owner th04-main-tile-ring-set-vo."
th04-main-fn-1b6d1,th04-main,0x1B6D1,0xCED1,0xCD,reviewed,exact,std_load(),th04-main-module-th04-std-cpp-b6d1,src/main/stage/std.cpp,ev-th04-main-function-screen-strict-v2,"Target Ghidra body is contiguous (205 bytes), starts at the same local TLINK public, and lies wholly inside exact authored owner th04-main-module-th04-std-cpp-b6d1."
th04-main-fn-1b79e,th04-main,0x1B79E,0xCF9E,0x1B,reviewed,exact,std_free(),th04-main-module-th04-std-cpp-b6d1,src/main/stage/std.cpp,ev-th04-main-function-screen-strict-v2,"Target Ghidra body is contiguous (27 bytes), starts at the same local TLINK public, and lies wholly inside exact authored owner th04-main-module-th04-std-cpp-b6d1."
th04-main-fn-1c64a,th04-main,0x1C64A,0xDE4A,0x4C,reviewed,exact,"circles_add_growing(int,int)",th04-main-module-th04-circle-cpp-c64a,src/main/circle.cpp,ev-th04-main-function-screen-strict-v2,"Target Ghidra body is contiguous (76 bytes), starts at the same local TLINK public, and lies wholly inside exact authored owner th04-main-module-th04-circle-cpp-c64a."
th04-main-fn-1c696,th04-main,0x1C696,0xDE96,0x4C,reviewed,exact,"circles_add_shrinking(int,int)",th04-main-module-th04-circle-cpp-c64a,src/main/circle.cpp,ev-th04-main-function-screen-strict-v2,"Target Ghidra body is contiguous (76 bytes), starts at the same local TLINK public, and lies wholly inside exact authored owner th04-main-module-th04-circle-cpp-c64a."
th04-main-fn-1c6e2,th04-main,0x1C6E2,0xDEE2,0x36,reviewed,exact,circles_update(),th04-main-module-th04-circle-cpp-c64a,src/main/circle.cpp,ev-th04-main-function-screen-strict-v2,"Target Ghidra body is contiguous (54 bytes), starts at the same local TLINK public, and lies wholly inside exact authored owner th04-main-module-th04-circle-cpp-c64a."
th04-main-fn-1c718,th04-main,0x1C718,0xDF18,0x33,reviewed,exact,circles_render(),th04-main-module-th04-circle-cpp-c64a,src/main/circle.cpp,ev-th04-main-function-screen-strict-v2,"Target Ghidra body is contiguous (51 bytes), starts at the same local TLINK public, and lies wholly inside exact authored owner th04-main-module-th04-circle-cpp-c64a."
th04-main-fn-1cb2e,th04-main,0x1CB2E,0xE32E,0x13,reviewed,exact,tiles_invalidate_reset(),th04-main-tiles-invalidate-reset,src/main/tile/invalidate_reset.inl,ev-th04-main-function-screen-strict-v2,"Target Ghidra body is contiguous (19 bytes), starts at the same local TLINK public, and lies wholly inside exact authored owner th04-main-tiles-invalidate-reset."
th04-main-fn-1cb42,th04-main,0x1CB42,0xE342,0x16,reviewed,exact,tiles_invalidate_all(),th04-main-tile-after-padding,src/main/tile/render.inl,ev-th04-main-function-screen-strict-v2,"Target Ghidra body is contiguous (22 bytes), starts at the same local TLINK public, and lies wholly inside exact authored owner th04-main-tile-after-padding."
th04-main-fn-1cb58,th04-main,0x1CB58,0xE358,0x28,reviewed,exact,tiles_render(),th04-main-tile-after-padding,src/main/tile/render.inl,ev-th04-main-function-screen-strict-v2,"Target Ghidra body is contiguous (40 bytes), starts at the same local TLINK public, and lies wholly inside exact authored owner th04-main-tile-after-padding."
th04-main-fn-1cb99,th04-main,0x1CB99,0xE399,0xB,reviewed,exact,tiles_activate(),th04-main-tile-after-padding,src/main/tile/render.inl,ev-th04-main-function-screen-strict-v2,"Target Ghidra body is contiguous (11 bytes), starts at the same local TLINK public, and lies wholly inside exact authored owner th04-main-tile-after-padding."
th04-main-fn-1cba4,th04-main,0x1CBA4,0xE3A4,0x13,reviewed,exact,tiles_activate_and_render_all_fo(unsigned char),th04-main-tile-after-padding,src/main/tile/render.inl,ev-th04-main-function-screen-strict-v2,"Target Ghidra body is contiguous (19 bytes), starts at the same local TLINK public, and lies wholly inside exact authored owner th04-main-tile-after-padding."
th04-main-fn-1cd36,th04-main,0x1CD36,0xE536,0xD0,reviewed,exact,playfield_shake_update_and_rende(),th04-main-playfield-shake-update-and-render,src/main/playfield.cpp,ev-th04-main-function-screen-strict-v2,"Target Ghidra body is contiguous (208 bytes), starts at the same local TLINK public, and lies wholly inside exact authored owner th04-main-playfield-shake-update-and-render."
th04-main-fn-1ce06,th04-main,0x1CE06,0xE606,0x8D,reviewed,exact,midboss4_render(),th04-main-midboss4-render,src/main/midboss/m4.cpp,ev-th04-main-function-screen-strict-v2,"Target Ghidra body is contiguous (141 bytes), starts at the same local TLINK public, and lies wholly inside exact authored owner th04-main-midboss4-render."
th04-main-fn-1ce93,th04-main,0x1CE93,0xE693,0x41,reviewed,exact,dialog_load(const char far*),th04-main-module-th04-f-dialog-cpp-ce93,src/main/dialog/file.cpp,ev-th04-main-function-screen-strict-v2,"Target Ghidra body is contiguous (65 bytes), starts at the same local TLINK public, and lies wholly inside exact authored owner th04-main-module-th04-f-dialog-cpp-ce93."
th04-main-fn-1ced4,th04-main,0x1CED4,0xE6D4,0x2D,reviewed,exact,dialog_load(),th04-main-module-th04-f-dialog-cpp-ce93,src/main/dialog/file.cpp,ev-th04-main-function-screen-strict-v2,"Target Ghidra body is contiguous (45 bytes), starts at the same local TLINK public, and lies wholly inside exact authored owner th04-main-module-th04-f-dialog-cpp-ce93."
th04-main-fn-1cf01,th04-main,0x1CF01,0xE701,0x1D,reviewed,exact,dialog_load_yuuka5_defeat_bad(),th04-main-module-th04-f-dialog-cpp-ce93,src/main/dialog/file.cpp,ev-th04-main-function-screen-strict-v2,"Target Ghidra body is contiguous (29 bytes), starts at the same local TLINK public, and lies wholly inside exact authored owner th04-main-module-th04-f-dialog-cpp-ce93."
th04-main-fn-1cf1e,th04-main,0x1CF1E,0xE71E,0x1F,reviewed,exact,dialog_free(),th04-main-module-th04-f-dialog-cpp-ce93,src/main/dialog/file.cpp,ev-th04-main-function-screen-strict-v2,"Target Ghidra body is contiguous (31 bytes), starts at the same local TLINK public, and lies wholly inside exact authored owner th04-main-module-th04-f-dialog-cpp-ce93."
th04-main-fn-1cf3d,th04-main,0x1CF3D,0xE73D,0x7,reviewed,exact,std_update_done(),th04-main-dialog-std-prefix,src/main/dialog/stage_transition.inl,ev-th04-main-function-screen-strict-v2,"Target Ghidra body is contiguous (7 bytes), starts at the same local TLINK public, and lies wholly inside exact authored owner th04-main-dialog-std-prefix."
th04-main-fn-1cf44,th04-main,0x1CF44,0xE744,0x7A,reviewed,exact,std_update_frames_then_animate_d(),th04-main-dialog-std-prefix,src/main/dialog/stage_transition.inl,ev-th04-main-function-screen-strict-v2,"Target Ghidra body is contiguous (122 bytes), starts at the same local TLINK public, and lies wholly inside exact authored owner th04-main-dialog-std-prefix."
th04-main-fn-1d098,th04-main,0x1D098,0xE898,0x32,reviewed,exact,dialog_box_fade_in_animate(),th04-main-dialog-fade-in,src/main/dialog/fade_in.inl,ev-th04-main-function-screen-strict-v2,"Target Ghidra body is contiguous (50 bytes), starts at the same local TLINK public, and lies wholly inside exact authored owner th04-main-dialog-fade-in."
th04-main-fn-1d729,th04-main,0x1D729,0xEF29,0xC5,reviewed,exact,dialog_init(),th04-main-dialog-init,src/main/dialog/init.inl,ev-th04-main-dialog-init-boundary-split-v1;ev-th04-main-function-screen-dialog-v5,"New exact-owner function admitted by explicit policy after restoring the original C++ TU boundary: Ghidra reports a contiguous 197-byte body, the split TLINK map places the public at the second DIALOG_TEXT contribution start, and the byte owner is exact including ordered relocations."
th04-main-fn-1d7ee,th04-main,0x1D7EE,0xEFEE,0x9E,reviewed,exact,dialog_exit(),th04-main-dialog-exit,src/main/dialog/exit.inl,ev-th04-main-function-screen-strict-v2,"Target Ghidra body is contiguous (158 bytes), starts at the same local TLINK public, and lies wholly inside exact authored owner th04-main-dialog-exit."
th04-main-fn-1d88c,th04-main,0x1D88C,0xF08C,0xC9,reviewed,exact,explosions_small_update_and_rend(),th04-main-module-th04-boss-exp-cpp-d88c,src/main/boss/explode.cpp,ev-th04-main-function-screen-strict-v2,"Target Ghidra body is contiguous (201 bytes), starts at the same local TLINK public, and lies wholly inside exact authored owner th04-main-module-th04-boss-exp-cpp-d88c."
th04-main-fn-1d955,th04-main,0x1D955,0xF155,0xFA,reviewed,exact,explosions_big_update_and_render(),th04-main-module-th04-boss-exp-cpp-d88c,src/main/boss/explode.cpp,ev-th04-main-function-screen-strict-v2,"Target Ghidra body is contiguous (250 bytes), starts at the same local TLINK public, and lies wholly inside exact authored owner th04-main-module-th04-boss-exp-cpp-d88c."
th04-main-fn-1eae4,th04-main,0x1EAE4,0x102E4,0x10A,reviewed,exact,stage4_render(),th04-main-stages-render-suffix,src/main/stage/render.inl,ev-th04-main-function-screen-strict-v2,"Target Ghidra body is contiguous (266 bytes), starts at the same local TLINK public, and lies wholly inside exact authored owner th04-main-stages-render-suffix."
th04-main-fn-1ebee,th04-main,0x1EBEE,0x103EE,0x6B,reviewed,exact,stage5_render(),th04-main-stages-render-suffix,src/main/stage/render.inl,ev-th04-main-function-screen-strict-v2,"Target Ghidra body is contiguous (107 bytes), starts at the same local TLINK public, and lies wholly inside exact authored owner th04-main-stages-render-suffix."
th04-main-fn-1ec59,th04-main,0x1EC59,0x10459,0x35,reviewed,exact,stage5_invalidate(),th04-main-stages-render-suffix,src/main/stage/render.inl,ev-th04-main-function-screen-strict-v2,"Target Ghidra body is contiguous (53 bytes), starts at the same local TLINK public, and lies wholly inside exact authored owner th04-main-stages-render-suffix."
th04-main-fn-20898,th04-main,0x20898,0x12098,0x83,reviewed,exact,player_move(unsigned int),th04-main-module-th04-player-m-cpp-10898,src/main/player/move.cpp,ev-th04-main-function-screen-strict-v2;ev-th04-main-player-move-switch-boundary-v1,Manual target boundary review overrides a Ghidra body-construction false negative: validated 13-entry switch table; Ghidra stopped at the indirect switch dispatcher and omitted the case blocks. The 13-entry compiler compare/near-jump tables follow the body in the same exact player_m.cpp owner; every decoded jump target is an instruction start inside the 131-byte function span.
th04-main-fn-20950,th04-main,0x20950,0x12150,0x38,reviewed,exact,player_pos_update_and_clamp(),th04-main-module-th04-player-p-cpp-10950,src/main/player/player.cpp,ev-th04-main-function-screen-strict-v2;ev-th04-main-player-pos-manual-boundary-v1,Manual target boundary review overrides a Ghidra body-construction false negative: validated linear raw decode; Ghidra created an overlapping decode at 0x20975 and reported 55/56 body bytes. Raw 16-bit decoding tiles all 56 bytes from the TLINK public through RET at 0x20987; the entire span is the exact player_p.cpp contribution.
th04-main-fn-20d4b,th04-main,0x20D4B,0x1254B,0x2C,reviewed,exact,overlay_wipe(),th04-main-module-th04-hud-ovrl-cpp-10d4b,src/main/hud/overlay.cpp,ev-th04-main-function-screen-strict-v2,"Target Ghidra body is contiguous (44 bytes), starts at the same local TLINK public, and lies wholly inside exact authored owner th04-main-module-th04-hud-ovrl-cpp-10d4b."
th04-main-fn-20d77,th04-main,0x20D77,0x12577,0x2C,reviewed,exact,overlay_black(),th04-main-module-th04-hud-ovrl-cpp-10d4b,src/main/hud/overlay.cpp,ev-th04-main-function-screen-strict-v2,"Target Ghidra body is contiguous (44 bytes), starts at the same local TLINK public, and lies wholly inside exact authored owner th04-main-module-th04-hud-ovrl-cpp-10d4b."
th04-main-fn-20da3,th04-main,0x20DA3,0x125A3,0x96,reviewed,exact,overlay_stage_enter_update_and_r(),th04-main-module-th04-hud-ovrl-cpp-10d4b,src/main/hud/overlay.cpp,ev-th04-main-function-screen-strict-v2,"Target Ghidra body is contiguous (150 bytes), starts at the same local TLINK public, and lies wholly inside exact authored owner th04-main-module-th04-hud-ovrl-cpp-10d4b."
th04-main-fn-20e39,th04-main,0x20E39,0x12639,0x6C,reviewed,exact,overlay_stage_leave_update_and_r(),th04-main-module-th04-hud-ovrl-cpp-10d4b,src/main/hud/overlay.cpp,ev-th04-main-function-screen-strict-v2,"Target Ghidra body is contiguous (108 bytes), starts at the same local TLINK public, and lies wholly inside exact authored owner th04-main-module-th04-hud-ovrl-cpp-10d4b."
th04-main-fn-20ea5,th04-main,0x20EA5,0x126A5,0x48,reviewed,exact,"dissolve_put(int,int,int)",th04-main-module-th04-hud-ovrl-cpp-10d4b,src/main/hud/overlay.cpp,ev-th04-main-function-screen-strict-v2,"Target Ghidra body is contiguous (72 bytes), starts at the same local TLINK public, and lies wholly inside exact authored owner th04-main-module-th04-hud-ovrl-cpp-10d4b."
th04-main-fn-20eed,th04-main,0x20EED,0x126ED,0x49,reviewed,exact,overlay_titles_invalidate(),th04-main-module-th04-hud-ovrl-cpp-10d4b,src/main/hud/overlay.cpp,ev-th04-main-function-screen-strict-v2,"Target Ghidra body is contiguous (73 bytes), starts at the same local TLINK public, and lies wholly inside exact authored owner th04-main-module-th04-hud-ovrl-cpp-10d4b."
th04-main-fn-20f36,th04-main,0x20F36,0x12736,0x25F,reviewed,exact,overlay_titles_update_and_render(),th04-main-module-th04-hud-ovrl-cpp-10d4b,src/main/hud/overlay.cpp,ev-th04-main-function-screen-strict-v2;ev-th04-main-overlay-titles-manual-boundary-v1,"Manual target boundary review overrides a Ghidra body-construction false negative: validated linear raw decode; Ghidra omitted an 80-byte straight-line block containing ordinary pushes, calls, and arithmetic after 0x210B6. Raw 16-bit decoding tiles the complete 607-byte public span through RET at 0x21194 inside exact hud_ovrl.cpp bytes."
th04-main-fn-21195,th04-main,0x21195,0x12995,0x143,reviewed,exact,overlay_boss_bgm_update_and_rend(),th04-main-module-th04-hud-ovrl-cpp-10d4b,src/main/hud/overlay.cpp,ev-th04-main-function-screen-strict-v2;ev-th04-main-overlay-boss-bgm-manual-boundary-v1,Manual target boundary review overrides a Ghidra body-construction false negative: validated linear raw decode; Ghidra omitted a 41-byte straight-line block containing ordinary calls and rendering setup. Raw 16-bit decoding tiles the complete 323-byte public span through RET at 0x212D7 inside exact hud_ovrl.cpp bytes.
th04-main-fn-212d8,th04-main,0x212D8,0x12AD8,0x1ED,reviewed,exact,overlay_popup_update_and_render(),th04-main-module-th04-hud-ovrl-cpp-10d4b,src/main/hud/overlay.cpp,ev-th04-main-function-screen-strict-v2;ev-th04-main-overlay-popup-manual-boundary-v1,Manual target boundary review overrides a Ghidra body-construction false negative: validated linear raw decode; Ghidra omitted seven bytes around a relocation-backed far call/jump and reported 486/493 body bytes. Raw 16-bit decoding tiles the full public span through RET at 0x214C4 inside the exact hud_ovrl.cpp owner.
th04-main-fn-214c5,th04-main,0x214C5,0x12CC5,0x8C,reviewed,exact,popup_put_points_th04(unsigned long),th04-main-module-th04-hud-ovrl-cpp-10d4b,src/main/hud/overlay.cpp,ev-th04-main-function-screen-strict-v2,"Target Ghidra body is contiguous (140 bytes), starts at the same local TLINK public, and lies wholly inside exact authored owner th04-main-module-th04-hud-ovrl-cpp-10d4b."
th04-main-fn-21f96,th04-main,0x21F96,0x13796,0x31,reviewed,exact,cfg_load_resident_ptr(),th04-main-cfg-load-resident-ptr,src/main/config/load_resident_ptr.cpp,ev-th04-main-function-screen-strict-v2,"Target Ghidra body is contiguous (49 bytes), starts at the same local TLINK public, and lies wholly inside exact authored owner th04-main-cfg-load-resident-ptr."
th04-main-fn-22a0a,th04-main,0x22A0A,0x1420A,0x2D,reviewed,exact,scoredat_recreate(),th04-main-module-th04-score-rm-cpp-12a0a,src/main/score/ranking.cpp,ev-th04-main-function-screen-strict-v2,"Target Ghidra body is contiguous (45 bytes), starts at the same local TLINK public, and lies wholly inside exact authored owner th04-main-module-th04-score-rm-cpp-12a0a."
th04-main-fn-22ab7,th04-main,0x22AB7,0x142B7,0x67,reviewed,exact,hiscore_scoredat_load_for_cur(),th04-main-module-th04-score-rm-cpp-12a0a,src/main/score/ranking.cpp,ev-th04-main-function-screen-strict-v2,"Target Ghidra body is contiguous (103 bytes), starts at the same local TLINK public, and lies wholly inside exact authored owner th04-main-module-th04-score-rm-cpp-12a0a."
th04-main-fn-22b1e,th04-main,0x22B1E,0x1431E,0x53,reviewed,exact,hiscore_scoredat_save(),th04-main-module-th04-score-rm-cpp-12a0a,src/main/score/ranking.cpp,ev-th04-main-function-screen-strict-v2,"Target Ghidra body is contiguous (83 bytes), starts at the same local TLINK public, and lies wholly inside exact authored owner th04-main-module-th04-score-rm-cpp-12a0a."
th04-main-fn-22b71,th04-main,0x22B71,0x14371,0x144,reviewed,exact,hiscore_continue_enter_raw(),th04-main-module-th04-score-rm-cpp-12a0a,src/main/score/ranking.cpp,ev-th04-main-function-screen-strict-v2,"Target Ghidra body is contiguous (324 bytes), starts at the same local TLINK public, and lies wholly inside exact authored owner th04-main-module-th04-score-rm-cpp-12a0a."
th04-main-fn-22cb5,th04-main,0x22CB5,0x144B5,0x12,reviewed,exact,hiscore_continue_enter(),th04-main-module-th04-score-rm-cpp-12a0a,src/main/score/ranking.cpp,ev-th04-main-function-screen-strict-v2,"Target Ghidra body is contiguous (18 bytes), starts at the same local TLINK public, and lies wholly inside exact authored owner th04-main-module-th04-score-rm-cpp-12a0a."
th04-main-fn-22cc7,th04-main,0x22CC7,0x144C7,0x1E,reviewed,exact,hiscore_load(),th04-main-module-th04-score-rm-cpp-12a0a,src/main/score/ranking.cpp,ev-th04-main-function-screen-strict-v2,"Target Ghidra body is contiguous (30 bytes), starts at the same local TLINK public, and lies wholly inside exact authored owner th04-main-module-th04-score-rm-cpp-12a0a."
th04-main-fn-230ee,th04-main,0x230EE,0x148EE,0x29,reviewed,exact,vram_planes_set(),th04-main-vram-planes-set,src/main/hardware/vram_planes.cpp,ev-th04-main-function-screen-strict-v2,"Target Ghidra body is contiguous (41 bytes), starts at the same local TLINK public, and lies wholly inside exact authored owner th04-main-vram-planes-set."
th04-main-fn-231b7,th04-main,0x231B7,0x149B7,0x15,reviewed,exact,frame_delay(int),th04-main-frame-delay,src/main/hardware/frame_delay.cpp,ev-th04-main-function-screen-strict-v2,"Target Ghidra body is contiguous (21 bytes), starts at the same local TLINK public, and lies wholly inside exact authored owner th04-main-frame-delay."
th04-main-fn-231ea,th04-main,0x231EA,0x149EA,0x29,reviewed,exact,MPN_FREE,th04-main-mpn-free,src/main/formats/mpn_free.cpp,ev-th04-main-function-screen-strict-v2,"Target Ghidra body is contiguous (41 bytes), starts at the same local TLINK public, and lies wholly inside exact authored owner th04-main-mpn-free."
th04-main-fn-23213,th04-main,0x23213,0x14A13,0x56,reviewed,exact,input_wait_for_change(int),th04-main-input-wait-for-change,src/main/hardware/input_wait.cpp,ev-th04-main-function-screen-strict-v2,"Target Ghidra body is contiguous (86 bytes), starts at the same local TLINK public, and lies wholly inside exact authored owner th04-main-input-wait-for-change."
th04-main-fn-23269,th04-main,0x23269,0x14A69,0x25,reviewed,exact,MPN_PALETTE_SHOW,th04-main-module-th04-mpn-l-i-cpp-13269,src/main/formats/mpn_load.cpp,ev-th04-main-function-screen-strict-v2,"Target Ghidra body is contiguous (37 bytes), starts at the same local TLINK public, and lies wholly inside exact authored owner th04-main-module-th04-mpn-l-i-cpp-13269."
th04-main-fn-2328e,th04-main,0x2328E,0x14A8E,0x92,reviewed,exact,MPN_LOAD_PALETTE_SHOW,th04-main-module-th04-mpn-l-i-cpp-13269,src/main/formats/mpn_load.cpp,ev-th04-main-function-screen-strict-v2,"Target Ghidra body is contiguous (146 bytes), starts at the same local TLINK public, and lies wholly inside exact authored owner th04-main-module-th04-mpn-l-i-cpp-13269."
th04-main-fn-23320,th04-main,0x23320,0x14B20,0x1C,reviewed,exact,"polar(int,int,int)",th04-main-module-th04-vector-cpp-13320,src/main/math/vector.cpp,ev-th04-main-function-screen-strict-v2,"Target Ghidra body is contiguous (28 bytes), starts at the same local TLINK public, and lies wholly inside exact authored owner th04-main-module-th04-vector-cpp-13320."
th04-main-fn-2333c,th04-main,0x2333C,0x14B3C,0x42,reviewed,exact,VECTOR2_AT,th04-main-module-th04-vector-cpp-13320,src/main/math/vector.cpp,ev-th04-main-function-screen-strict-v2,"Target Ghidra body is contiguous (66 bytes), starts at the same local TLINK public, and lies wholly inside exact authored owner th04-main-module-th04-vector-cpp-13320."
th04-main-fn-2337e,th04-main,0x2337E,0x14B7E,0x2E,reviewed,exact,snd_pmd_resident,th04-main-snd-pmd-resident,src/main/sound/pmd_resident.c,ev-th04-main-authored-screen-target;ev-th04-main-function-screen-strict-v2;ev-th04-main-snd-pmd-resident-boundary;ev-th04-main-function-screen-pmd-v4,Strict target boundary review: contiguous 46-byte Ghidra body and local TLINK public lie wholly inside the full exact pure-C snd_pmd_resident owner; __es IVT access reproduces the target LES without inline assembly.
th04-main-fn-233dc,th04-main,0x233DC,0x14BDC,0x1E,reviewed,exact,SND_KAJA_INTERRUPT,th04-main-snd-kaja-interrupt,src/main/sound/kaja_interrupt.cpp,ev-th04-main-function-screen-strict-v2,"Target Ghidra body is contiguous (30 bytes), starts at the same local TLINK public, and lies wholly inside exact authored owner th04-main-snd-kaja-interrupt."
th04-main-fn-233fa,th04-main,0x233FA,0x14BFA,0x9C,reviewed,exact,SND_DETERMINE_MODES,th04-main-snd-determine-modes,src/main/sound/determine_modes.cpp,ev-th04-main-function-screen-strict-v2,"Target Ghidra body is contiguous (156 bytes), starts at the same local TLINK public, and lies wholly inside exact authored owner th04-main-snd-determine-modes."
th04-main-fn-23496,th04-main,0x23496,0x14C96,0xEA,reviewed,blocked,snd_load,,,ev-th04-main-authored-screen-target;ev-th04-main-function-screen-strict-v2;ev-th04-main-snd-load-reviewed-boundary-v2;ev-th04-main-snd-load-reviewed-boundary-v3,"Reviewed nonexact target boundary: The complete 234-byte function has a reviewed raw/TLINK/Ghidra boundary. Only four authored bytes remain nonexact: PUSH DS, target 89 C3 versus compiler/TASM 8B D8 for MOV BX,AX, and POP DS. The DOS-open, driver-dispatch/read, and BP-relative func reload subspans are independently cold-replayed exact from maintained natural C++."
th04-main-fn-2361e,th04-main,0x2361E,0x14E1E,0x48,reviewed,exact,game_exit(),th04-main-game-exit,src/main/core/exit.cpp,ev-th04-main-function-screen-strict-v2,"Target Ghidra body is contiguous (72 bytes), starts at the same local TLINK public, and lies wholly inside exact authored owner th04-main-game-exit."
th04-main-fn-23666,th04-main,0x23666,0x14E66,0x4D,reviewed,exact,game_init_main(const unsigned char far*),th04-main-initmain-function,src/main/core/init.cpp,ev-th04-main-function-screen-strict-v2,"Target Ghidra body is contiguous (77 bytes), starts at the same local TLINK public, and lies wholly inside exact authored owner th04-main-initmain-function."
th04-main-fn-238b2,th04-main,0x238B2,0x150B2,0x39,reviewed,exact,SND_SE_PLAY,th04-main-snd-se-play,src/main/sound/se_play.inl,ev-th04-main-function-screen-strict-v2,"Target Ghidra body is contiguous (57 bytes), starts at the same local TLINK public, and lies wholly inside exact authored owner th04-main-snd-se-play."
th04-main-fn-238ec,th04-main,0x238EC,0x150EC,0x4C,reviewed,exact,_snd_se_update,th04-main-snd-se-update,src/main/sound/se_update.inl,ev-th04-main-function-screen-strict-v2,"Target Ghidra body is contiguous (76 bytes), starts at the same local TLINK public, and lies wholly inside exact authored owner th04-main-snd-se-update."
th04-main-fn-23a9c,th04-main,0x23A9C,0x1529C,0x1B,reviewed,exact,set_gather_template_to_bullet_te(gather_t near&),th04-main-module-th04-gather-cpp-13a9c,src/main/gather.cpp,ev-th04-main-function-screen-strict-v2,"Target Ghidra body is contiguous (27 bytes), starts at the same local TLINK public, and lies wholly inside exact authored owner th04-main-module-th04-gather-cpp-13a9c."
th04-main-fn-23ab7,th04-main,0x23AB7,0x152B7,0x6A,reviewed,exact,gather_add_bullets(),th04-main-module-th04-gather-cpp-13a9c,src/main/gather.cpp,ev-th04-main-function-screen-strict-v2,"Target Ghidra body is contiguous (106 bytes), starts at the same local TLINK public, and lies wholly inside exact authored owner th04-main-module-th04-gather-cpp-13a9c."
th04-main-fn-23b21,th04-main,0x23B21,0x15321,0x68,reviewed,exact,gather_add_only(),th04-main-module-th04-gather-cpp-13a9c,src/main/gather.cpp,ev-th04-main-function-screen-strict-v2,"Target Ghidra body is contiguous (104 bytes), starts at the same local TLINK public, and lies wholly inside exact authored owner th04-main-module-th04-gather-cpp-13a9c."
th04-main-fn-23b89,th04-main,0x23B89,0x15389,0x2A,reviewed,exact,"gather_add_only_3stack(int,unsigned int,unsigned int)",th04-main-module-th04-gather-cpp-13a9c,src/main/gather.cpp,ev-th04-main-function-screen-strict-v2,"Target Ghidra body is contiguous (42 bytes), starts at the same local TLINK public, and lies wholly inside exact authored owner th04-main-module-th04-gather-cpp-13a9c."
th04-main-fn-23bb3,th04-main,0x23BB3,0x153B3,0x1B,reviewed,exact,set_bullet_template_to_gather_te(gather_t near&),th04-main-module-th04-gather-cpp-13a9c,src/main/gather.cpp,ev-th04-main-function-screen-strict-v2,"Target Ghidra body is contiguous (27 bytes), starts at the same local TLINK public, and lies wholly inside exact authored owner th04-main-module-th04-gather-cpp-13a9c."
th04-main-fn-23bce,th04-main,0x23BCE,0x153CE,0x64,reviewed,exact,gather_update(),th04-main-module-th04-gather-cpp-13a9c,src/main/gather.cpp,ev-th04-main-function-screen-strict-v2,"Target Ghidra body is contiguous (100 bytes), starts at the same local TLINK public, and lies wholly inside exact authored owner th04-main-module-th04-gather-cpp-13a9c."
th04-main-fn-23c32,th04-main,0x23C32,0x15432,0x2A,reviewed,exact,gather_point_on_playfield(),th04-main-module-th04-gather-cpp-13a9c,src/main/gather.cpp,ev-th04-main-function-screen-strict-v2,"Target Ghidra body is contiguous (42 bytes), starts at the same local TLINK public, and lies wholly inside exact authored owner th04-main-module-th04-gather-cpp-13a9c."
th04-main-fn-23c5c,th04-main,0x23C5C,0x1545C,0x8B,reviewed,exact,gather_render(),th04-main-module-th04-gather-cpp-13a9c,src/main/gather.cpp,ev-th04-main-function-screen-strict-v2,"Target Ghidra body is contiguous (139 bytes), starts at the same local TLINK public, and lies wholly inside exact authored owner th04-main-module-th04-gather-cpp-13a9c."
th04-main-fn-23ce8,th04-main,0x23CE8,0x154E8,0x28,reviewed,exact,SCROLL_SUBPIXEL_Y_TO_VRAM_SEG3,th04-main-scrolly-functions,src/main/scroll_y.inl,ev-th04-main-function-screen-strict-v2,"Target Ghidra body is contiguous (40 bytes), starts at the same local TLINK public, and lies wholly inside exact authored owner th04-main-scrolly-functions."
th04-main-fn-23d10,th04-main,0x23D10,0x15510,0x21,reviewed,exact,SCROLL_SUBPIXEL_Y_TO_VRAM_ALWAYS,th04-main-scrolly-functions,src/main/scroll_y.inl,ev-th04-main-function-screen-strict-v2,"Target Ghidra body is contiguous (33 bytes), starts at the same local TLINK public, and lies wholly inside exact authored owner th04-main-scrolly-functions."
th04-main-fn-23ef6,th04-main,0x23EF6,0x156F6,0x1A,reviewed,exact,grcg_setcolor_direct_seg3_raw(),th04-main-grcg3-functions,src/main/hardware/grcg3.cpp,ev-th04-main-function-screen-strict-v2,"Target Ghidra body is contiguous (26 bytes), starts at the same local TLINK public, and lies wholly inside exact authored owner th04-main-grcg3-functions."
th04-main-fn-23f30,th04-main,0x23F30,0x15730,0x48,reviewed,exact,"item_splashes_add(subpixelbase<int,int>,subpixelbase<int,int>)",th04-main-item-splashes-suffix,src/main/item/splashes.inl,ev-th04-main-function-screen-strict-v2,"Target Ghidra body is contiguous (72 bytes), starts at the same local TLINK public, and lies wholly inside exact authored owner th04-main-item-splashes-suffix."
th04-main-fn-23f78,th04-main,0x23F78,0x15778,0x3A,reviewed,exact,item_splashes_update(),th04-main-item-splashes-suffix,src/main/item/splashes.inl,ev-th04-main-function-screen-strict-v2,"Target Ghidra body is contiguous (58 bytes), starts at the same local TLINK public, and lies wholly inside exact authored owner th04-main-item-splashes-suffix."
th04-main-fn-26b85,th04-main,0x26B85,0x18385,0x80,reviewed,exact,marisa_flystep_pointreflected(int),th04-main-marisa-flystep-pointreflected,src/main/boss/marisa.cpp,ev-th04-main-function-screen-strict-v2,"Target Ghidra body is contiguous (128 bytes), starts at the same local TLINK public, and lies wholly inside exact authored owner th04-main-marisa-flystep-pointreflected."
th04-main-fn-29ebc,th04-main,0x29EBC,0x1B6BC,0x28,reviewed,exact,midboss_reset(),th04-main-module-th04-midboss-cpp-19ebc,src/main/midboss/update.cpp,ev-th04-main-function-screen-strict-v2,"Target Ghidra body is contiguous (40 bytes), starts at the same local TLINK public, and lies wholly inside exact authored owner th04-main-module-th04-midboss-cpp-19ebc."
th04-main-fn-29ee4,th04-main,0x29EE4,0x1B6E4,0x32,reviewed,exact,midboss_activate_if_stage_frame_(),th04-main-module-th04-midboss-cpp-19ebc,src/main/midboss/update.cpp,ev-th04-main-function-screen-strict-v2,"Target Ghidra body is contiguous (50 bytes), starts at the same local TLINK public, and lies wholly inside exact authored owner th04-main-module-th04-midboss-cpp-19ebc."
th04-main-fn-29f16,th04-main,0x29F16,0x1B716,0x58,reviewed,exact,"hud_hp_update_and_render(int,int)",th04-main-hud-hp-update-and-render,src/main/hud/hp.cpp,ev-th04-main-function-screen-strict-v2,"Target Ghidra body is contiguous (88 bytes), starts at the same local TLINK public, and lies wholly inside exact authored owner th04-main-hud-hp-update-and-render."
th04-main-fn-29f6e,th04-main,0x29F6E,0x1B76E,0x6A,reviewed,exact,midboss_score_bonus(unsigned int),th04-main-midboss-score-bonuses,src/main/midboss/score_bonus.inl,ev-th04-main-midboss-score-bonus-manual-boundary-v1,Manual target boundary review overrides a Ghidra body-construction false negative: validated linear raw decode; Ghidra min/max cover the complete 106-byte public span but body construction reports only 66/106 bytes. Raw 16-bit decoding tiles the entire TLINK-public span through RET 2 at 0x29FD5 inside the exact 0xD9 MB_DFT_TEXT pure-C/C++ owner.
th04-main-fn-29fd8,th04-main,0x29FD8,0x1B7D8,0x6F,reviewed,exact,boss_score_bonus(unsigned int),th04-main-midboss-score-bonuses,src/main/midboss/score_bonus.inl,ev-th04-main-boss-score-bonus-manual-boundary-v1,Manual target boundary review overrides a Ghidra body-construction false negative: validated linear raw decode; Ghidra min/max cover the complete 111-byte public span but body construction reports only 71/111 bytes. Raw 16-bit decoding tiles the entire TLINK-public span through RET 2 at 0x2A044; the next TLINK public midboss_defeat_update starts exactly at 0x2A047 outside the exact owner.
th04-main-fn-2c736,th04-main,0x2C736,0x1DF36,0x180,reviewed,exact,bullet_update_special(bullet_t near&),th04-main-bullet-u-prefix,src/main/bullet/update_prefix.inl,ev-th04-main-function-screen-strict-v2;ev-th04-main-bullet-update-special-switch-boundary-v1,"Manual target boundary review overrides a Ghidra body-construction false negative: validated 9-entry switch table; Ghidra stopped at the indirect switch dispatcher and omitted nine case blocks. The 9-entry near-jump table begins immediately after the function span, and every target is a raw instruction start inside exact bullet_u prefix bytes."
th04-main-fn-2c8c8,th04-main,0x2C8C8,0x1E0C8,0x36B,reviewed,exact,bullets_update,th04-main-bullets-update,src/main/bullet/update_body.inl,ev-th04-main-function-screen-strict-v2;ev-th04-main-bullets-update-reviewed-boundary-v1;ev-th04-main-bullets-update-reviewed-boundary-v2;ev-th04-main-bullets-update-full-boundary-v1;ev-th04-main-function-screen-bullets-v11,Manual target boundary review overrides a Ghidra body-construction false negative: validated 5-entry switch table; The complete 875-byte extent is owned by one exact maintained natural-C++ unit. Raw code decodes through RETF at 0x2CC27; one metadata byte plus a five-entry near-jump table occupy the trailing 11 bytes; all table targets are instruction starts; the next TLINK public begins at 0x2CC33.
th04-main-fn-2ccb8,th04-main,0x2CCB8,0x1E4B8,0x8D,reviewed,exact,tune_for_hard(),th04-main-module-th04-bullet-a-cpp-1cc33,src/main/bullet/add.cpp,ev-th04-main-function-screen-strict-v2;ev-th04-main-tune-hard-switch-boundary-v1,Manual target boundary review overrides a Ghidra body-construction false negative: validated 10-entry switch table; Ghidra omitted switch case blocks. The 10-entry compare and near-jump tables follow the function in exact bullet_a.cpp bytes; all jump targets are instruction starts within the 141-byte span.
th04-main-fn-2cd6e,th04-main,0x2CD6E,0x1E56E,0x7B,reviewed,exact,tune_for_lunatic(),th04-main-module-th04-bullet-a-cpp-1cc33,src/main/bullet/add.cpp,ev-th04-main-function-screen-strict-v2;ev-th04-main-tune-lunatic-switch-boundary-v1,Manual target boundary review overrides a Ghidra body-construction false negative: validated 10-entry switch table; Ghidra omitted switch case blocks. The 10-entry compare and near-jump tables follow the function in exact bullet_a.cpp bytes; all jump targets are instruction starts within the 123-byte span.
th04-main-fn-2ce12,th04-main,0x2CE12,0x1E612,0x9D,reviewed,exact,tune_for_playperf(),th04-main-module-th04-bullet-a-cpp-1cc33,src/main/bullet/add.cpp,ev-th04-main-function-screen-strict-v2;ev-th04-main-tune-playperf-switch-boundary-v1,Manual target boundary review overrides a Ghidra body-construction false negative: validated 11-entry switch table; Ghidra omitted direct switch case blocks. The 11-entry near-jump table starts immediately after the function span in exact bullet_a.cpp bytes; every target is a raw instruction start within the 157-byte function.
th04-main-fn-2ced0,th04-main,0x2CED0,0x1E6D0,0x8,reviewed,exact,BULLET_TEMPLATE_TUNE_NORMAL,th04-main-module-th04-bullet-a-cpp-1cc33,src/main/bullet/add.cpp,ev-th04-main-function-screen-strict-v2,"Target Ghidra body is contiguous (8 bytes), starts at the same local TLINK public, and lies wholly inside exact authored owner th04-main-module-th04-bullet-a-cpp-1cc33."
th04-main-fn-2ced8,th04-main,0x2CED8,0x1E6D8,0xB,reviewed,exact,BULLET_TEMPLATE_TUNE_HARD,th04-main-module-th04-bullet-a-cpp-1cc33,src/main/bullet/add.cpp,ev-th04-main-function-screen-strict-v2,"Target Ghidra body is contiguous (11 bytes), starts at the same local TLINK public, and lies wholly inside exact authored owner th04-main-module-th04-bullet-a-cpp-1cc33."
th04-main-fn-2cee3,th04-main,0x2CEE3,0x1E6E3,0xB,reviewed,exact,BULLET_TEMPLATE_TUNE_LUNATIC,th04-main-module-th04-bullet-a-cpp-1cc33,src/main/bullet/add.cpp,ev-th04-main-function-screen-strict-v2,"Target Ghidra body is contiguous (11 bytes), starts at the same local TLINK public, and lies wholly inside exact authored owner th04-main-module-th04-bullet-a-cpp-1cc33."
th04-main-fn-2ceee,th04-main,0x2CEEE,0x1E6EE,0x28,reviewed,exact,BULLETS_ADD_REGULAR_EASY,th04-main-module-th04-bullet-a-cpp-1cc33,src/main/bullet/add.cpp,ev-th04-main-function-screen-strict-v2,"Target Ghidra body is contiguous (40 bytes), starts at the same local TLINK public, and lies wholly inside exact authored owner th04-main-module-th04-bullet-a-cpp-1cc33."
th04-main-fn-2cf16,th04-main,0x2CF16,0x1E716,0x1C,reviewed,exact,BULLETS_ADD_REGULAR_NORMAL,th04-main-module-th04-bullet-a-cpp-1cc33,src/main/bullet/add.cpp,ev-th04-main-function-screen-strict-v2,"Target Ghidra body is contiguous (28 bytes), starts at the same local TLINK public, and lies wholly inside exact authored owner th04-main-module-th04-bullet-a-cpp-1cc33."
th04-main-fn-2cf32,th04-main,0x2CF32,0x1E732,0x1C,reviewed,exact,BULLETS_ADD_REGULAR_HARD_LUNATIC,th04-main-module-th04-bullet-a-cpp-1cc33,src/main/bullet/add.cpp,ev-th04-main-function-screen-strict-v2,"Target Ghidra body is contiguous (28 bytes), starts at the same local TLINK public, and lies wholly inside exact authored owner th04-main-module-th04-bullet-a-cpp-1cc33."
th04-main-fn-2cf4e,th04-main,0x2CF4E,0x1E74E,0x1C,reviewed,exact,BULLETS_ADD_SPECIAL_EASY,th04-main-module-th04-bullet-a-cpp-1cc33,src/main/bullet/add.cpp,ev-th04-main-function-screen-strict-v2,"Target Ghidra body is contiguous (28 bytes), starts at the same local TLINK public, and lies wholly inside exact authored owner th04-main-module-th04-bullet-a-cpp-1cc33."
th04-main-fn-2cf6a,th04-main,0x2CF6A,0x1E76A,0x1C,reviewed,exact,BULLETS_ADD_SPECIAL_NORMAL,th04-main-module-th04-bullet-a-cpp-1cc33,src/main/bullet/add.cpp,ev-th04-main-function-screen-strict-v2,"Target Ghidra body is contiguous (28 bytes), starts at the same local TLINK public, and lies wholly inside exact authored owner th04-main-module-th04-bullet-a-cpp-1cc33."
th04-main-fn-2cf86,th04-main,0x2CF86,0x1E786,0x1C,reviewed,exact,BULLETS_ADD_SPECIAL_HARD_LUNATIC,th04-main-module-th04-bullet-a-cpp-1cc33,src/main/bullet/add.cpp,ev-th04-main-function-screen-strict-v2,"Target Ghidra body is contiguous (28 bytes), starts at the same local TLINK public, and lies wholly inside exact authored owner th04-main-module-th04-bullet-a-cpp-1cc33."
th04-main-fn-2cfa2,th04-main,0x2CFA2,0x1E7A2,0x13,reviewed,exact,_bullets_add_regular_fixedspeed,th04-main-module-th04-bullet-a-cpp-1cc33,src/main/bullet/add.cpp,ev-th04-main-function-screen-strict-v2,"Target Ghidra body is contiguous (19 bytes), starts at the same local TLINK public, and lies wholly inside exact authored owner th04-main-module-th04-bullet-a-cpp-1cc33."
th04-main-fn-2cfb5,th04-main,0x2CFB5,0x1E7B5,0x13,reviewed,exact,_bullets_add_special_fixedspeed,th04-main-module-th04-bullet-a-cpp-1cc33,src/main/bullet/add.cpp,ev-th04-main-function-screen-strict-v2,"Target Ghidra body is contiguous (19 bytes), starts at the same local TLINK public, and lies wholly inside exact authored owner th04-main-module-th04-bullet-a-cpp-1cc33."
th04-main-fn-2cfc8,th04-main,0x2CFC8,0x1E7C8,0x205,reviewed,exact,bullet_velocity_and_angle_set(int),th04-main-module-th04-bullet-a-cpp-1cc33,src/main/bullet/add.cpp,ev-th04-main-function-screen-strict-v2;ev-th04-main-bullet-velocity-manual-boundary-v1,Manual target boundary review overrides a Ghidra body-construction false negative: validated linear raw decode; Ghidra omitted fourteen ordinary instructions bytes in one switch case and reported 503/517 body bytes. Raw 16-bit decoding tiles the complete public span through RET 2 at 0x2D1CA inside exact bullet_a.cpp bytes.
th04-main-fn-2d1cd,th04-main,0x2D1CD,0x1E9CD,0x4B,reviewed,exact,bullet_template_speedtune_for_pl(),th04-main-module-th04-bullet-a-cpp-1cc33,src/main/bullet/add.cpp,ev-th04-main-function-screen-strict-v2,"Target Ghidra body is contiguous (75 bytes), starts at the same local TLINK public, and lies wholly inside exact authored owner th04-main-module-th04-bullet-a-cpp-1cc33."
th04-main-fn-2d218,th04-main,0x2D218,0x1EA18,0x18,reviewed,exact,BULLET_PATNUM_FOR_ANGLE,th04-main-module-th04-bullet-a-cpp-1cc33,src/main/bullet/add.cpp,ev-th04-main-function-screen-strict-v2,"Target Ghidra body is contiguous (24 bytes), starts at the same local TLINK public, and lies wholly inside exact authored owner th04-main-module-th04-bullet-a-cpp-1cc33."
th04-main-fn-2d230,th04-main,0x2D230,0x1EA30,0x64,reviewed,exact,bullet_template_clip(),th04-main-module-th04-bullet-a-cpp-1cc33,src/main/bullet/add.cpp,ev-th04-main-function-screen-strict-v2,"Target Ghidra body is contiguous (100 bytes), starts at the same local TLINK public, and lies wholly inside exact authored owner th04-main-module-th04-bullet-a-cpp-1cc33."
th04-main-fn-2d294,th04-main,0x2D294,0x1EA94,0x12B,reviewed,exact,bullets_add_regular_raw(),th04-main-module-th04-bullet-a-cpp-1cc33,src/main/bullet/add.cpp,ev-th04-main-function-screen-strict-v2,"Target Ghidra body is contiguous (299 bytes), starts at the same local TLINK public, and lies wholly inside exact authored owner th04-main-module-th04-bullet-a-cpp-1cc33."
th04-main-fn-2d3bf,th04-main,0x2D3BF,0x1EBBF,0xCF,reviewed,exact,bullets_add_special_raw(),th04-main-module-th04-bullet-a-cpp-1cc33,src/main/bullet/add.cpp,ev-th04-main-function-screen-strict-v2,"Target Ghidra body is contiguous (207 bytes), starts at the same local TLINK public, and lies wholly inside exact authored owner th04-main-module-th04-bullet-a-cpp-1cc33."
th04-main-fn-2e5d8,th04-main,0x2E5D8,0x1FDD8,0x40,reviewed,exact,"boss_hittest_shots_damage(int,int,int)",th04-main-boss-prefix,src/main/boss/boss_prefix.inl,ev-th04-main-function-screen-strict-v2,"Target Ghidra body is contiguous (64 bytes), starts at the same local TLINK public, and lies wholly inside exact authored owner th04-main-boss-prefix."
th04-main-fn-2e618,th04-main,0x2E618,0x1FE18,0x36,reviewed,exact,"midboss_hittest_shots_damage(int,int,int)",th04-main-boss-prefix,src/main/boss/boss_prefix.inl,ev-th04-main-function-screen-strict-v2,"Target Ghidra body is contiguous (54 bytes), starts at the same local TLINK public, and lies wholly inside exact authored owner th04-main-boss-prefix."
th04-main-fn-2e64e,th04-main,0x2E64E,0x1FE4E,0x2E,reviewed,exact,boss_hittest_shots(),th04-main-boss-prefix,src/main/boss/boss_prefix.inl,ev-th04-main-function-screen-strict-v2,"Target Ghidra body is contiguous (46 bytes), starts at the same local TLINK public, and lies wholly inside exact authored owner th04-main-boss-prefix."
th04-main-fn-2e67c,th04-main,0x2E67C,0x1FE7C,0x16,reviewed,exact,boss_hittest_shots_invincible(),th04-main-boss-prefix,src/main/boss/boss_prefix.inl,ev-th04-main-function-screen-strict-v2,"Target Ghidra body is contiguous (22 bytes), starts at the same local TLINK public, and lies wholly inside exact authored owner th04-main-boss-prefix."
th04-main-fn-2e692,th04-main,0x2E692,0x1FE92,0x61,reviewed,exact,boss_items_drop(),th04-main-boss-prefix,src/main/boss/boss_prefix.inl,ev-th04-main-function-screen-strict-v2;ev-th04-main-boss-items-drop-manual-boundary-v1,Manual target boundary review overrides a Ghidra body-construction false negative: validated linear raw decode; Ghidra omitted the middle of the five-iteration item-drop loop and reported 69/97 body bytes. Raw 16-bit decoding tiles the complete 97-byte public span through RET at 0x2E6F2 inside exact maintained boss-prefix bytes.
th04-main-fn-2e6f3,th04-main,0x2E6F3,0x1FEF3,0x50,reviewed,exact,"boss_phase_next(explosion_type_t,int)",th04-main-boss-prefix,src/main/boss/boss_prefix.inl,ev-th04-main-function-screen-strict-v2,"Target Ghidra body is contiguous (80 bytes), starts at the same local TLINK public, and lies wholly inside exact authored owner th04-main-boss-prefix."
